,ANLY_DATE,EQ_TYP,WTR_TE,PUMP_IDX,PRFRM_COEFF,DC_NMB
0,2023-10-17,QH,1,1,"-7.238380647103183e-11,-7.293839631227918e-16,3.794276668816827e-15,67.0597312583274",Docker#1
1,2023-10-17,QH,2,1,"-7.317878904371638e-11,-7.347147253150902e-16,3.808116817161955e-15,67.0597312583274",Docker#1
2,2023-10-17,QH,3,1,"-7.397957120830096e-11,-7.400648967999147e-16,3.821956965507084e-15,67.0597312583274",Docker#1
3,2023-10-17,QH,4,1,"-7.478617404271357e-11,-7.454344775772651e-16,3.835797113852211e-15,67.0597312583274",Docker#1
4,2023-10-17,QH,5,1,"-7.559861862488233e-11,-7.508234676471419e-16,3.849637262197339e-15,67.0597312583274",Docker#1
5,2023-10-17,QH,6,1,"-7.650035073587541e-11,-3.796316354687347e-16,2.0736074530685487e-12,67.06146129676102",Docker#1
6,2023-10-17,QH,7,1,"-7.732544182071611e-11,-3.8235641865570935e-16,2.0810357441416942e-12,67.06146129676102",Docker#1
7,2023-10-17,QH,8,1,"-7.815644433359203e-11,-3.8509094539064386e-16,2.0884640352148397e-12,67.06146129676102",Docker#1
8,2023-10-17,QH,9,1,"-7.865826619638192e-11,-3.861943159423523e-16,2.08696820012325e-12,67.05460368594402",Docker#1
9,2023-10-17,QH,10,1,"-7.97492054795491e-11,-7.780595573844174e-16,3.918838003922979e-15,67.0597312583274",Docker#1
10,2023-10-17,QH,11,1,"-8.059714318474333e-11,-7.835650032094509e-16,3.932678152268107e-15,67.0597312583274",Docker#1
11,2023-10-17,QH,12,1,"-8.145107018318994e-11,-7.890898583270104e-16,3.946518300613235e-15,67.0597312583274",Docker#1
12,2023-10-17,QH,13,1,"-8.231100755281698e-11,-7.94634122737096e-16,3.960358448958363e-15,67.0597312583274",Docker#1
13,2023-10-17,QH,14,1,"-8.317697637155247e-11,-8.001977964397079e-16,3.974198597303491e-15,67.0597312583274",Docker#1
14,2023-10-17,QH,15,1,"-8.404899771732447e-11,-8.057808794348458e-16,3.988038745648619e-15,67.0597312583274",Docker#1
15,2023-10-17,QH,16,1,"-8.492709266806102e-11,-8.113833717225099e-16,4.001878893993747e-15,67.0597312583274",Docker#1
16,2023-10-17,QH,17,1,"-8.58112823016901e-11,-8.170052733026999e-16,4.015719042338875e-15,67.0597312583274",Docker#1
17,2023-10-17,QH,18,1,"-8.670158769613988e-11,-8.226465841754163e-16,4.0295591906840025e-15,67.0597312583274",Docker#1
18,2023-10-17,QH,19,1,"-8.759802992933825e-11,-8.283073043406585e-16,4.04339933902913e-15,67.0597312583274",Docker#1
19,2023-10-17,QH,20,1,"-8.850063007921337e-11,-8.339874337984272e-16,4.057239487374259e-15,67.0597312583274",Docker#1
20,2023-10-17,QH,21,1,"-8.940940922369319e-11,-8.396869725487216e-16,4.071079635719386e-15,67.0597312583274",Docker#1
21,2023-10-17,QH,22,1,"-9.032438844070583e-11,-8.454059205915426e-16,4.0849197840645145e-15,67.0597312583274",Docker#1
22,2023-10-17,QH,23,1,"-9.124558880817922e-11,-8.511442779268893e-16,4.098759932409642e-15,67.0597312583274",Docker#1
23,2023-10-17,QH,24,1,"-9.217303140404155e-11,-8.569020445547626e-16,4.112600080754771e-15,67.0597312583274",Docker#1
24,2023-10-17,QH,25,1,"-9.31067373062207e-11,-8.626792204751615e-16,4.126440229099898e-15,67.0597312583274",Docker#1
25,2023-10-17,QH,26,1,"-9.404672759264485e-11,-8.684758056880868e-16,4.1402803774450265e-15,67.0597312583274",Docker#1
26,2023-10-17,QH,27,1,"-9.49930233412419e-11,-8.742918001935381e-16,4.154120525790154e-15,67.0597312583274",Docker#1
27,2023-10-17,QH,28,1,"-9.594564562993998e-11,-8.801272039915153e-16,4.167960674135281e-15,67.0597312583274",Docker#1
28,2023-10-17,QH,29,1,"-9.690461553666717e-11,-8.859820170820192e-16,4.18180082248041e-15,67.0597312583274",Docker#1
29,2023-10-17,QH,30,1,"-9.786995413935139e-11,-8.918562394650485e-16,4.195640970825538e-15,67.0597312583274",Docker#1
30,2023-10-17,QH,31,1,"-9.88416825159208e-11,-8.977498711406046e-16,4.209481119170666e-15,67.0597312583274",Docker#1
31,2023-10-17,QH,32,1,"-9.981982174430331e-11,-9.036629121086864e-16,4.223321267515793e-15,67.0597312583274",Docker#1
32,2023-10-17,QH,33,1,"-1.0080439290242712e-10,-9.095953623692945e-16,4.237161415860922e-15,67.0597312583274",Docker#1
33,2023-10-17,QH,34,1,"-1.017954170682201e-10,-9.155472219224287e-16,4.25100156420605e-15,67.0597312583274",Docker#1
34,2023-10-17,QH,1,2,"-7.238380647103183e-11,-7.293839631227918e-16,3.794276668816827e-15,67.0597312583274",Docker#1
35,2023-10-17,QH,2,2,"-7.317878904371638e-11,-7.347147253150902e-16,3.808116817161955e-15,67.0597312583274",Docker#1
36,2023-10-17,QH,3,2,"-7.397957120830096e-11,-7.400648967999147e-16,3.821956965507084e-15,67.0597312583274",Docker#1
37,2023-10-17,QH,4,2,"-7.478617404271357e-11,-7.454344775772651e-16,3.835797113852211e-15,67.0597312583274",Docker#1
38,2023-10-17,QH,5,2,"-7.559861862488233e-11,-7.508234676471419e-16,3.849637262197339e-15,67.0597312583274",Docker#1
39,2023-10-17,QH,6,2,"-7.650035073587541e-11,-3.796316354687347e-16,2.0736074530685487e-12,67.06146129676102",Docker#1
40,2023-10-17,QH,7,2,"-7.732544182071611e-11,-3.8235641865570935e-16,2.0810357441416942e-12,67.06146129676102",Docker#1
41,2023-10-17,QH,8,2,"-7.815644433359203e-11,-3.8509094539064386e-16,2.0884640352148397e-12,67.06146129676102",Docker#1
42,2023-10-17,QH,9,2,"-7.865826619638192e-11,-3.861943159423523e-16,2.08696820012325e-12,67.05460368594402",Docker#1
43,2023-10-17,QH,10,2,"-7.97492054795491e-11,-7.780595573844174e-16,3.918838003922979e-15,67.0597312583274",Docker#1
44,2023-10-17,QH,11,2,"-8.059714318474333e-11,-7.835650032094509e-16,3.932678152268107e-15,67.0597312583274",Docker#1
45,2023-10-17,QH,12,2,"-8.145107018318994e-11,-7.890898583270104e-16,3.946518300613235e-15,67.0597312583274",Docker#1
46,2023-10-17,QH,13,2,"-8.231100755281698e-11,-7.94634122737096e-16,3.960358448958363e-15,67.0597312583274",Docker#1
47,2023-10-17,QH,14,2,"-8.317697637155247e-11,-8.001977964397079e-16,3.974198597303491e-15,67.0597312583274",Docker#1
48,2023-10-17,QH,15,2,"-8.404899771732447e-11,-8.057808794348458e-16,3.988038745648619e-15,67.0597312583274",Docker#1
49,2023-10-17,QH,16,2,"-8.492709266806102e-11,-8.113833717225099e-16,4.001878893993747e-15,67.0597312583274",Docker#1
50,2023-10-17,QH,17,2,"-8.58112823016901e-11,-8.170052733026999e-16,4.015719042338875e-15,67.0597312583274",Docker#1
51,2023-10-17,QH,18,2,"-8.670158769613988e-11,-8.226465841754163e-16,4.0295591906840025e-15,67.0597312583274",Docker#1
52,2023-10-17,QH,19,2,"-8.759802992933825e-11,-8.283073043406585e-16,4.04339933902913e-15,67.0597312583274",Docker#1
53,2023-10-17,QH,20,2,"-8.850063007921337e-11,-8.339874337984272e-16,4.057239487374259e-15,67.0597312583274",Docker#1
54,2023-10-17,QH,21,2,"-8.940940922369319e-11,-8.396869725487216e-16,4.071079635719386e-15,67.0597312583274",Docker#1
55,2023-10-17,QH,22,2,"-9.032438844070583e-11,-8.454059205915426e-16,4.0849197840645145e-15,67.0597312583274",Docker#1
56,2023-10-17,QH,23,2,"-9.124558880817922e-11,-8.511442779268893e-16,4.098759932409642e-15,67.0597312583274",Docker#1
57,2023-10-17,QH,24,2,"-9.217303140404155e-11,-8.569020445547626e-16,4.112600080754771e-15,67.0597312583274",Docker#1
58,2023-10-17,QH,25,2,"-9.31067373062207e-11,-8.626792204751615e-16,4.126440229099898e-15,67.0597312583274",Docker#1
59,2023-10-17,QH,26,2,"-9.404672759264485e-11,-8.684758056880868e-16,4.1402803774450265e-15,67.0597312583274",Docker#1
60,2023-10-17,QH,27,2,"-9.49930233412419e-11,-8.742918001935381e-16,4.154120525790154e-15,67.0597312583274",Docker#1
61,2023-10-17,QH,28,2,"-9.594564562993998e-11,-8.801272039915153e-16,4.167960674135281e-15,67.0597312583274",Docker#1
62,2023-10-17,QH,29,2,"-9.690461553666717e-11,-8.859820170820192e-16,4.18180082248041e-15,67.0597312583274",Docker#1
63,2023-10-17,QH,30,2,"-9.786995413935139e-11,-8.918562394650485e-16,4.195640970825538e-15,67.0597312583274",Docker#1
64,2023-10-17,QH,31,2,"-9.88416825159208e-11,-8.977498711406046e-16,4.209481119170666e-15,67.0597312583274",Docker#1
65,2023-10-17,QH,32,2,"-9.981982174430331e-11,-9.036629121086864e-16,4.223321267515793e-15,67.0597312583274",Docker#1
66,2023-10-17,QH,33,2,"-1.0080439290242712e-10,-9.095953623692945e-16,4.237161415860922e-15,67.0597312583274",Docker#1
67,2023-10-17,QH,34,2,"-1.017954170682201e-10,-9.155472219224287e-16,4.25100156420605e-15,67.0597312583274",Docker#1
68,2023-10-17,QH,1,3,"-7.238380647103183e-11,-7.293839631227918e-16,3.794276668816827e-15,67.0597312583274",Docker#1
69,2023-10-17,QH,2,3,"-7.317878904371638e-11,-7.347147253150902e-16,3.808116817161955e-15,67.0597312583274",Docker#1
70,2023-10-17,QH,3,3,"-7.397957120830096e-11,-7.400648967999147e-16,3.821956965507084e-15,67.0597312583274",Docker#1
71,2023-10-17,QH,4,3,"-7.478617404271357e-11,-7.454344775772651e-16,3.835797113852211e-15,67.0597312583274",Docker#1
72,2023-10-17,QH,5,3,"-7.559861862488233e-11,-7.508234676471419e-16,3.849637262197339e-15,67.0597312583274",Docker#1
73,2023-10-17,QH,6,3,"-7.650035073587541e-11,-3.796316354687347e-16,2.0736074530685487e-12,67.06146129676102",Docker#1
74,2023-10-17,QH,7,3,"-7.732544182071611e-11,-3.8235641865570935e-16,2.0810357441416942e-12,67.06146129676102",Docker#1
75,2023-10-17,QH,8,3,"-7.815644433359203e-11,-3.8509094539064386e-16,2.0884640352148397e-12,67.06146129676102",Docker#1
76,2023-10-17,QH,9,3,"-7.865826619638192e-11,-3.861943159423523e-16,2.08696820012325e-12,67.05460368594402",Docker#1
77,2023-10-17,QH,10,3,"-7.97492054795491e-11,-7.780595573844174e-16,3.918838003922979e-15,67.0597312583274",Docker#1
78,2023-10-17,QH,11,3,"-8.059714318474333e-11,-7.835650032094509e-16,3.932678152268107e-15,67.0597312583274",Docker#1
79,2023-10-17,QH,12,3,"-8.145107018318994e-11,-7.890898583270104e-16,3.946518300613235e-15,67.0597312583274",Docker#1
80,2023-10-17,QH,13,3,"-8.231100755281698e-11,-7.94634122737096e-16,3.960358448958363e-15,67.0597312583274",Docker#1
81,2023-10-17,QH,14,3,"-8.317697637155247e-11,-8.001977964397079e-16,3.974198597303491e-15,67.0597312583274",Docker#1
82,2023-10-17,QH,15,3,"-8.404899771732447e-11,-8.057808794348458e-16,3.988038745648619e-15,67.0597312583274",Docker#1
83,2023-10-17,QH,16,3,"-8.492709266806102e-11,-8.113833717225099e-16,4.001878893993747e-15,67.0597312583274",Docker#1
84,2023-10-17,QH,17,3,"-8.58112823016901e-11,-8.170052733026999e-16,4.015719042338875e-15,67.0597312583274",Docker#1
85,2023-10-17,QH,18,3,"-8.670158769613988e-11,-8.226465841754163e-16,4.0295591906840025e-15,67.0597312583274",Docker#1
86,2023-10-17,QH,19,3,"-8.759802992933825e-11,-8.283073043406585e-16,4.04339933902913e-15,67.0597312583274",Docker#1
87,2023-10-17,QH,20,3,"-8.850063007921337e-11,-8.339874337984272e-16,4.057239487374259e-15,67.0597312583274",Docker#1
88,2023-10-17,QH,21,3,"-8.940940922369319e-11,-8.396869725487216e-16,4.071079635719386e-15,67.0597312583274",Docker#1
89,2023-10-17,QH,22,3,"-9.032438844070583e-11,-8.454059205915426e-16,4.0849197840645145e-15,67.0597312583274",Docker#1
90,2023-10-17,QH,23,3,"-9.124558880817922e-11,-8.511442779268893e-16,4.098759932409642e-15,67.0597312583274",Docker#1
91,2023-10-17,QH,24,3,"-9.217303140404155e-11,-8.569020445547626e-16,4.112600080754771e-15,67.0597312583274",Docker#1
92,2023-10-17,QH,25,3,"-9.31067373062207e-11,-8.626792204751615e-16,4.126440229099898e-15,67.0597312583274",Docker#1
93,2023-10-17,QH,26,3,"-9.404672759264485e-11,-8.684758056880868e-16,4.1402803774450265e-15,67.0597312583274",Docker#1
94,2023-10-17,QH,27,3,"-9.49930233412419e-11,-8.742918001935381e-16,4.154120525790154e-15,67.0597312583274",Docker#1
95,2023-10-17,QH,28,3,"-9.594564562993998e-11,-8.801272039915153e-16,4.167960674135281e-15,67.0597312583274",Docker#1
96,2023-10-17,QH,29,3,"-9.690461553666717e-11,-8.859820170820192e-16,4.18180082248041e-15,67.0597312583274",Docker#1
97,2023-10-17,QH,30,3,"-9.786995413935139e-11,-8.918562394650485e-16,4.195640970825538e-15,67.0597312583274",Docker#1
98,2023-10-17,QH,31,3,"-9.88416825159208e-11,-8.977498711406046e-16,4.209481119170666e-15,67.0597312583274",Docker#1
99,2023-10-17,QH,32,3,"-9.981982174430331e-11,-9.036629121086864e-16,4.223321267515793e-15,67.0597312583274",Docker#1
100,2023-10-17,QH,33,3,"-1.0080439290242712e-10,-9.095953623692945e-16,4.237161415860922e-15,67.0597312583274",Docker#1
101,2023-10-17,QH,34,3,"-1.017954170682201e-10,-9.155472219224287e-16,4.25100156420605e-15,67.0597312583274",Docker#1
102,2023-10-17,QH,1,4,"-7.238380647103183e-11,-7.293839631227918e-16,3.794276668816827e-15,67.0597312583274",Docker#1
103,2023-10-17,QH,2,4,"-7.317878904371638e-11,-7.347147253150902e-16,3.808116817161955e-15,67.0597312583274",Docker#1
104,2023-10-17,QH,3,4,"-7.397957120830096e-11,-7.400648967999147e-16,3.821956965507084e-15,67.0597312583274",Docker#1
105,2023-10-17,QH,4,4,"-7.478617404271357e-11,-7.454344775772651e-16,3.835797113852211e-15,67.0597312583274",Docker#1
106,2023-10-17,QH,5,4,"-7.559861862488233e-11,-7.508234676471419e-16,3.849637262197339e-15,67.0597312583274",Docker#1
107,2023-10-17,QH,6,4,"-7.650035073587541e-11,-3.796316354687347e-16,2.0736074530685487e-12,67.06146129676102",Docker#1
108,2023-10-17,QH,7,4,"-7.732544182071611e-11,-3.8235641865570935e-16,2.0810357441416942e-12,67.06146129676102",Docker#1
109,2023-10-17,QH,8,4,"-7.815644433359203e-11,-3.8509094539064386e-16,2.0884640352148397e-12,67.06146129676102",Docker#1
110,2023-10-17,QH,9,4,"-7.865826619638192e-11,-3.861943159423523e-16,2.08696820012325e-12,67.05460368594402",Docker#1
111,2023-10-17,QH,10,4,"-7.97492054795491e-11,-7.780595573844174e-16,3.918838003922979e-15,67.0597312583274",Docker#1
112,2023-10-17,QH,11,4,"-8.059714318474333e-11,-7.835650032094509e-16,3.932678152268107e-15,67.0597312583274",Docker#1
113,2023-10-17,QH,12,4,"-8.145107018318994e-11,-7.890898583270104e-16,3.946518300613235e-15,67.0597312583274",Docker#1
114,2023-10-17,QH,13,4,"-8.231100755281698e-11,-7.94634122737096e-16,3.960358448958363e-15,67.0597312583274",Docker#1
115,2023-10-17,QH,14,4,"-8.317697637155247e-11,-8.001977964397079e-16,3.974198597303491e-15,67.0597312583274",Docker#1
116,2023-10-17,QH,15,4,"-8.404899771732447e-11,-8.057808794348458e-16,3.988038745648619e-15,67.0597312583274",Docker#1
117,2023-10-17,QH,16,4,"-8.492709266806102e-11,-8.113833717225099e-16,4.001878893993747e-15,67.0597312583274",Docker#1
118,2023-10-17,QH,17,4,"-8.58112823016901e-11,-8.170052733026999e-16,4.015719042338875e-15,67.0597312583274",Docker#1
119,2023-10-17,QH,18,4,"-8.670158769613988e-11,-8.226465841754163e-16,4.0295591906840025e-15,67.0597312583274",Docker#1
120,2023-10-17,QH,19,4,"-8.759802992933825e-11,-8.283073043406585e-16,4.04339933902913e-15,67.0597312583274",Docker#1
121,2023-10-17,QH,20,4,"-8.850063007921337e-11,-8.339874337984272e-16,4.057239487374259e-15,67.0597312583274",Docker#1
122,2023-10-17,QH,21,4,"-8.940940922369319e-11,-8.396869725487216e-16,4.071079635719386e-15,67.0597312583274",Docker#1
123,2023-10-17,QH,22,4,"-9.032438844070583e-11,-8.454059205915426e-16,4.0849197840645145e-15,67.0597312583274",Docker#1
124,2023-10-17,QH,23,4,"-9.124558880817922e-11,-8.511442779268893e-16,4.098759932409642e-15,67.0597312583274",Docker#1
125,2023-10-17,QH,24,4,"-9.217303140404155e-11,-8.569020445547626e-16,4.112600080754771e-15,67.0597312583274",Docker#1
126,2023-10-17,QH,25,4,"-9.31067373062207e-11,-8.626792204751615e-16,4.126440229099898e-15,67.0597312583274",Docker#1
127,2023-10-17,QH,26,4,"-9.404672759264485e-11,-8.684758056880868e-16,4.1402803774450265e-15,67.0597312583274",Docker#1
128,2023-10-17,QH,27,4,"-9.49930233412419e-11,-8.742918001935381e-16,4.154120525790154e-15,67.0597312583274",Docker#1
129,2023-10-17,QH,28,4,"-9.594564562993998e-11,-8.801272039915153e-16,4.167960674135281e-15,67.0597312583274",Docker#1
130,2023-10-17,QH,29,4,"-9.690461553666717e-11,-8.859820170820192e-16,4.18180082248041e-15,67.0597312583274",Docker#1
131,2023-10-17,QH,30,4,"-9.786995413935139e-11,-8.918562394650485e-16,4.195640970825538e-15,67.0597312583274",Docker#1
132,2023-10-17,QH,31,4,"-9.88416825159208e-11,-8.977498711406046e-16,4.209481119170666e-15,67.0597312583274",Docker#1
133,2023-10-17,QH,32,4,"-9.981982174430331e-11,-9.036629121086864e-16,4.223321267515793e-15,67.0597312583274",Docker#1
134,2023-10-17,QH,33,4,"-1.0080439290242712e-10,-9.095953623692945e-16,4.237161415860922e-15,67.0597312583274",Docker#1
135,2023-10-17,QH,34,4,"-1.017954170682201e-10,-9.155472219224287e-16,4.25100156420605e-15,67.0597312583274",Docker#1
0,2023-10-17,QP,1,1,"0.29818709608344635,-360.2364936951903",Docker#1
1,2023-10-17,QP,2,1,"0.2992747747122388,-360.2364936951903",Docker#1
2,2023-10-17,QP,3,1,"0.30036245334103123,-360.2364936951903",Docker#1
3,2023-10-17,QP,4,1,"0.3014501319698236,-360.2364936951903",Docker#1
4,2023-10-17,QP,5,1,"0.30253781059861606,-360.2364936951903",Docker#1
5,2023-10-17,QP,6,1,"0.3035610457006919,-360.0640038079789",Docker#1
6,2023-10-17,QP,7,1,"0.30464849347321815,-360.0640038079789",Docker#1
7,2023-10-17,QP,8,1,"0.3057359412457444,-360.0640038079789",Docker#1
8,2023-10-17,QP,9,1,"0.3070825894290266,-360.75404466025384",Docker#1
9,2023-10-17,QP,10,1,"0.3079762037425783,-360.2364936951903",Docker#1
10,2023-10-17,QP,11,1,"0.30906388237137067,-360.2364936951903",Docker#1
11,2023-10-17,QP,12,1,"0.3101515610001631,-360.2364936951903",Docker#1
12,2023-10-17,QP,13,1,"0.31123923962895556,-360.2364936951903",Docker#1
13,2023-10-17,QP,14,1,"0.312326918257748,-360.2364936951903",Docker#1
14,2023-10-17,QP,15,1,"0.31341459688654044,-360.2364936951903",Docker#1
15,2023-10-17,QP,16,1,"0.3145022755153329,-360.2364936951903",Docker#1
16,2023-10-17,QP,17,1,"0.3155899541441253,-360.2364936951903",Docker#1
17,2023-10-17,QP,18,1,"0.31667763277291777,-360.2364936951903",Docker#1
18,2023-10-17,QP,19,1,"0.31776531140171016,-360.2364936951903",Docker#1
19,2023-10-17,QP,20,1,"0.31885299003050266,-360.2364936951903",Docker#1
20,2023-10-17,QP,21,1,"0.31994066865929505,-360.2364936951903",Docker#1
21,2023-10-17,QP,22,1,"0.3210283472880875,-360.2364936951903",Docker#1
22,2023-10-17,QP,23,1,"0.32211602591687993,-360.2364936951903",Docker#1
23,2023-10-17,QP,24,1,"0.3232037045456724,-360.2364936951903",Docker#1
24,2023-10-17,QP,25,1,"0.32429138317446476,-360.2364936951903",Docker#1
25,2023-10-17,QP,26,1,"0.32537906180325726,-360.2364936951903",Docker#1
26,2023-10-17,QP,27,1,"0.32646674043204965,-360.2364936951903",Docker#1
27,2023-10-17,QP,28,1,"0.3275544190608421,-360.2364936951903",Docker#1
28,2023-10-17,QP,29,1,"0.32864209768963454,-360.2364936951903",Docker#1
29,2023-10-17,QP,30,1,"0.3297297763184269,-360.2364936951903",Docker#1
30,2023-10-17,QP,31,1,"0.3308174549472194,-360.2364936951903",Docker#1
31,2023-10-17,QP,32,1,"0.3319051335760118,-360.2364936951903",Docker#1
32,2023-10-17,QP,33,1,"0.3329928122048043,-360.2364936951903",Docker#1
33,2023-10-17,QP,34,1,"0.3340804908335967,-360.2364936951903",Docker#1
34,2023-10-17,QP,1,2,"0.29818709608344635,-360.2364936951903",Docker#1
35,2023-10-17,QP,2,2,"0.2992747747122388,-360.2364936951903",Docker#1
36,2023-10-17,QP,3,2,"0.30036245334103123,-360.2364936951903",Docker#1
37,2023-10-17,QP,4,2,"0.3014501319698236,-360.2364936951903",Docker#1
38,2023-10-17,QP,5,2,"0.30253781059861606,-360.2364936951903",Docker#1
39,2023-10-17,QP,6,2,"0.3035610457006919,-360.0640038079789",Docker#1
40,2023-10-17,QP,7,2,"0.30464849347321815,-360.0640038079789",Docker#1
41,2023-10-17,QP,8,2,"0.3057359412457444,-360.0640038079789",Docker#1
42,2023-10-17,QP,9,2,"0.3070825894290266,-360.75404466025384",Docker#1
43,2023-10-17,QP,10,2,"0.3079762037425783,-360.2364936951903",Docker#1
44,2023-10-17,QP,11,2,"0.30906388237137067,-360.2364936951903",Docker#1
45,2023-10-17,QP,12,2,"0.3101515610001631,-360.2364936951903",Docker#1
46,2023-10-17,QP,13,2,"0.31123923962895556,-360.2364936951903",Docker#1
47,2023-10-17,QP,14,2,"0.312326918257748,-360.2364936951903",Docker#1
48,2023-10-17,QP,15,2,"0.31341459688654044,-360.2364936951903",Docker#1
49,2023-10-17,QP,16,2,"0.3145022755153329,-360.2364936951903",Docker#1
50,2023-10-17,QP,17,2,"0.3155899541441253,-360.2364936951903",Docker#1
51,2023-10-17,QP,18,2,"0.31667763277291777,-360.2364936951903",Docker#1
52,2023-10-17,QP,19,2,"0.31776531140171016,-360.2364936951903",Docker#1
53,2023-10-17,QP,20,2,"0.31885299003050266,-360.2364936951903",Docker#1
54,2023-10-17,QP,21,2,"0.31994066865929505,-360.2364936951903",Docker#1
55,2023-10-17,QP,22,2,"0.3210283472880875,-360.2364936951903",Docker#1
56,2023-10-17,QP,23,2,"0.32211602591687993,-360.2364936951903",Docker#1
57,2023-10-17,QP,24,2,"0.3232037045456724,-360.2364936951903",Docker#1
58,2023-10-17,QP,25,2,"0.32429138317446476,-360.2364936951903",Docker#1
59,2023-10-17,QP,26,2,"0.32537906180325726,-360.2364936951903",Docker#1
60,2023-10-17,QP,27,2,"0.32646674043204965,-360.2364936951903",Docker#1
61,2023-10-17,QP,28,2,"0.3275544190608421,-360.2364936951903",Docker#1
62,2023-10-17,QP,29,2,"0.32864209768963454,-360.2364936951903",Docker#1
63,2023-10-17,QP,30,2,"0.3297297763184269,-360.2364936951903",Docker#1
64,2023-10-17,QP,31,2,"0.3308174549472194,-360.2364936951903",Docker#1
65,2023-10-17,QP,32,2,"0.3319051335760118,-360.2364936951903",Docker#1
66,2023-10-17,QP,33,2,"0.3329928122048043,-360.2364936951903",Docker#1
67,2023-10-17,QP,34,2,"0.3340804908335967,-360.2364936951903",Docker#1
68,2023-10-17,QP,1,3,"0.29818709608344635,-360.2364936951903",Docker#1
69,2023-10-17,QP,2,3,"0.2992747747122388,-360.2364936951903",Docker#1
70,2023-10-17,QP,3,3,"0.30036245334103123,-360.2364936951903",Docker#1
71,2023-10-17,QP,4,3,"0.3014501319698236,-360.2364936951903",Docker#1
72,2023-10-17,QP,5,3,"0.30253781059861606,-360.2364936951903",Docker#1
73,2023-10-17,QP,6,3,"0.3035610457006919,-360.0640038079789",Docker#1
74,2023-10-17,QP,7,3,"0.30464849347321815,-360.0640038079789",Docker#1
75,2023-10-17,QP,8,3,"0.3057359412457444,-360.0640038079789",Docker#1
76,2023-10-17,QP,9,3,"0.3070825894290266,-360.75404466025384",Docker#1
77,2023-10-17,QP,10,3,"0.3079762037425783,-360.2364936951903",Docker#1
78,2023-10-17,QP,11,3,"0.30906388237137067,-360.2364936951903",Docker#1
79,2023-10-17,QP,12,3,"0.3101515610001631,-360.2364936951903",Docker#1
80,2023-10-17,QP,13,3,"0.31123923962895556,-360.2364936951903",Docker#1
81,2023-10-17,QP,14,3,"0.312326918257748,-360.2364936951903",Docker#1
82,2023-10-17,QP,15,3,"0.31341459688654044,-360.2364936951903",Docker#1
83,2023-10-17,QP,16,3,"0.3145022755153329,-360.2364936951903",Docker#1
84,2023-10-17,QP,17,3,"0.3155899541441253,-360.2364936951903",Docker#1
85,2023-10-17,QP,18,3,"0.31667763277291777,-360.2364936951903",Docker#1
86,2023-10-17,QP,19,3,"0.31776531140171016,-360.2364936951903",Docker#1
87,2023-10-17,QP,20,3,"0.31885299003050266,-360.2364936951903",Docker#1
88,2023-10-17,QP,21,3,"0.31994066865929505,-360.2364936951903",Docker#1
89,2023-10-17,QP,22,3,"0.3210283472880875,-360.2364936951903",Docker#1
90,2023-10-17,QP,23,3,"0.32211602591687993,-360.2364936951903",Docker#1
91,2023-10-17,QP,24,3,"0.3232037045456724,-360.2364936951903",Docker#1
92,2023-10-17,QP,25,3,"0.32429138317446476,-360.2364936951903",Docker#1
93,2023-10-17,QP,26,3,"0.32537906180325726,-360.2364936951903",Docker#1
94,2023-10-17,QP,27,3,"0.32646674043204965,-360.2364936951903",Docker#1
95,2023-10-17,QP,28,3,"0.3275544190608421,-360.2364936951903",Docker#1
96,2023-10-17,QP,29,3,"0.32864209768963454,-360.2364936951903",Docker#1
97,2023-10-17,QP,30,3,"0.3297297763184269,-360.2364936951903",Docker#1
98,2023-10-17,QP,31,3,"0.3308174549472194,-360.2364936951903",Docker#1
99,2023-10-17,QP,32,3,"0.3319051335760118,-360.2364936951903",Docker#1
100,2023-10-17,QP,33,3,"0.3329928122048043,-360.2364936951903",Docker#1
101,2023-10-17,QP,34,3,"0.3340804908335967,-360.2364936951903",Docker#1
102,2023-10-17,QP,1,4,"0.29818709608344635,-360.2364936951903",Docker#1
103,2023-10-17,QP,2,4,"0.2992747747122388,-360.2364936951903",Docker#1
104,2023-10-17,QP,3,4,"0.30036245334103123,-360.2364936951903",Docker#1
105,2023-10-17,QP,4,4,"0.3014501319698236,-360.2364936951903",Docker#1
106,2023-10-17,QP,5,4,"0.30253781059861606,-360.2364936951903",Docker#1
107,2023-10-17,QP,6,4,"0.3035610457006919,-360.0640038079789",Docker#1
108,2023-10-17,QP,7,4,"0.30464849347321815,-360.0640038079789",Docker#1
109,2023-10-17,QP,8,4,"0.3057359412457444,-360.0640038079789",Docker#1
110,2023-10-17,QP,9,4,"0.3070825894290266,-360.75404466025384",Docker#1
111,2023-10-17,QP,10,4,"0.3079762037425783,-360.2364936951903",Docker#1
112,2023-10-17,QP,11,4,"0.30906388237137067,-360.2364936951903",Docker#1
113,2023-10-17,QP,12,4,"0.3101515610001631,-360.2364936951903",Docker#1
114,2023-10-17,QP,13,4,"0.31123923962895556,-360.2364936951903",Docker#1
115,2023-10-17,QP,14,4,"0.312326918257748,-360.2364936951903",Docker#1
116,2023-10-17,QP,15,4,"0.31341459688654044,-360.2364936951903",Docker#1
117,2023-10-17,QP,16,4,"0.3145022755153329,-360.2364936951903",Docker#1
118,2023-10-17,QP,17,4,"0.3155899541441253,-360.2364936951903",Docker#1
119,2023-10-17,QP,18,4,"0.31667763277291777,-360.2364936951903",Docker#1
120,2023-10-17,QP,19,4,"0.31776531140171016,-360.2364936951903",Docker#1
121,2023-10-17,QP,20,4,"0.31885299003050266,-360.2364936951903",Docker#1
122,2023-10-17,QP,21,4,"0.31994066865929505,-360.2364936951903",Docker#1
123,2023-10-17,QP,22,4,"0.3210283472880875,-360.2364936951903",Docker#1
124,2023-10-17,QP,23,4,"0.32211602591687993,-360.2364936951903",Docker#1
125,2023-10-17,QP,24,4,"0.3232037045456724,-360.2364936951903",Docker#1
126,2023-10-17,QP,25,4,"0.32429138317446476,-360.2364936951903",Docker#1
127,2023-10-17,QP,26,4,"0.32537906180325726,-360.2364936951903",Docker#1
128,2023-10-17,QP,27,4,"0.32646674043204965,-360.2364936951903",Docker#1
129,2023-10-17,QP,28,4,"0.3275544190608421,-360.2364936951903",Docker#1
130,2023-10-17,QP,29,4,"0.32864209768963454,-360.2364936951903",Docker#1
131,2023-10-17,QP,30,4,"0.3297297763184269,-360.2364936951903",Docker#1
132,2023-10-17,QP,31,4,"0.3308174549472194,-360.2364936951903",Docker#1
133,2023-10-17,QP,32,4,"0.3319051335760118,-360.2364936951903",Docker#1
134,2023-10-17,QP,33,4,"0.3329928122048043,-360.2364936951903",Docker#1
135,2023-10-17,QP,34,4,"0.3340804908335967,-360.2364936951903",Docker#1
