ANLY_DATE|EQ_TYP|WTR_TEMP|PMP_IDX|PRFRM_COEFF|DC_NMB
2023-12-18|QH|1|5|-9.788014789873759e-12,-9.312755054736432e-18,1.1194972329690093e-13,58.20004252888481|Docker#1
2023-12-18|QH|2|5|-9.895515369885978e-12,-9.380818084720499e-18,1.1235807537896148e-13,58.20004252888481|Docker#1
2023-12-18|QH|3|5|-1.0003800192867175e-11,-9.449128932035658e-18,1.1276642746102203e-13,58.20004252888481|Docker#1
2023-12-18|QH|4|5|-1.0112872109055288e-11,-9.517687596681904e-18,1.1317477954308257e-13,58.20004252888481|Docker#1
2023-12-18|QH|5|5|-1.0222733968688257e-11,-9.586494078659244e-18,1.1358313162514313e-13,58.20004252888481|Docker#1
2023-12-18|QH|6|5|-1.0333388622004022e-11,-9.655548377967675e-18,1.1399148370720367e-13,58.20004252888481|Docker#1
2023-12-18|QH|7|5|-1.0444838919240521e-11,-9.724850494607196e-18,1.1439983578926423e-13,58.20004252888481|Docker#1
2023-12-18|QH|8|5|-1.0557087710635694e-11,-9.794400428577808e-18,1.1480818787132479e-13,58.20004252888481|Docker#1
2023-12-18|QH|9|5|-1.0670137846427479e-11,-9.86419817987951e-18,1.1521653995338534e-13,58.20004252888481|Docker#1
2023-12-18|QH|10|5|-1.0489224561102075e-11,-1.9325405899474383e-17,3.344870661154507e-19,58.20000000000848|Docker#1
2023-12-18|QH|11|5|-1.0992280737388653e-11,-2.0180966349635697e-17,3.561691814246645e-35,58.20000000000002|Docker#1
2023-12-18|QH|12|5|-1.110874398813496e-11,-2.03232607537469e-17,3.5742263622468095e-35,58.20000000000002|Docker#1
2023-12-18|QH|13|5|-1.1226026966290212e-11,-2.0466055050372107e-17,3.586760910246974e-35,58.20000000000002|Docker#1
2023-12-18|QH|14|5|-1.1247508449663468e-11,-1.0216904196354386e-17,1.1725830036368813e-13,58.20004252888481|Docker#1
2023-12-18|QH|15|5|-1.1365426506831654e-11,-1.0288188851642633e-17,1.1766665244574868e-13,58.20004252888481|Docker#1
2023-12-18|QH|16|5|-1.1484165860062025e-11,-1.0359721324261971e-17,1.1807500452780924e-13,58.20004252888481|Docker#1
2023-12-18|QH|17|5|-1.160372935959252e-11,-1.0431501614212396e-17,1.1848335660986977e-13,58.20004252888481|Docker#1
2023-12-18|QH|18|5|-1.1724119855661086e-11,-1.0503529721493918e-17,1.1889170869193035e-13,58.20004252888481|Docker#1
2023-12-18|QH|19|5|-1.1845340198505653e-11,-1.0575805646106524e-17,1.1930006077399089e-13,58.20004252888481|Docker#1
2023-12-18|QH|20|5|-1.1967393238364168e-11,-1.0648329388050229e-17,1.1970841285605144e-13,58.20004252888481|Docker#1
2023-12-18|QH|21|5|-1.2090281825474562e-11,-1.0721100947325018e-17,1.20116764938112e-13,58.20004252888481|Docker#1
2023-12-18|QH|22|5|-1.2214008810074783e-11,-1.0794120323930904e-17,1.2052511702017256e-13,58.20004252888481|Docker#1
2023-12-18|QH|23|5|-1.233857704240276e-11,-1.0867387517867872e-17,1.2093346910223311e-13,58.20004252888481|Docker#1
2023-12-18|QH|24|5|-1.2463989372696446e-11,-1.0940902529135938e-17,1.2134182118429367e-13,58.20004252888481|Docker#1
2023-12-18|QH|25|5|-1.2590248651193764e-11,-1.1014665357735092e-17,1.2175017326635423e-13,58.20004252888481|Docker#1
2023-12-18|QH|26|5|-1.271735772813267e-11,-1.1088676003665339e-17,1.2215852534841478e-13,58.20004252888481|Docker#1
2023-12-18|QH|27|5|-1.2845319453751085e-11,-1.1162934466926671e-17,1.2256687743047531e-13,58.20004252888481|Docker#1
2023-12-18|QH|28|5|-1.297413667828696e-11,-1.1237440747519097e-17,1.2297522951253587e-13,58.20004252888481|Docker#1
2023-12-18|QH|29|5|-1.3103812251978239e-11,-1.1312194845442615e-17,1.2338358159459643e-13,58.20004252888481|Docker#1
2023-12-18|QH|30|5|-1.3234349025062845e-11,-1.1387196760697222e-17,1.2379193367665699e-13,58.20004252888481|Docker#1
2023-12-18|QH|31|5|-1.3365749847778734e-11,-1.1462446493282924e-17,1.2420028575871754e-13,58.20004252888481|Docker#1
2023-12-18|QH|32|5|-1.3498017570363834e-11,-1.1537944043199711e-17,1.246086378407781e-13,58.20004252888481|Docker#1
2023-12-18|QH|33|5|-1.3631155043056092e-11,-1.1613689410447592e-17,1.2501698992283866e-13,58.20004252888481|Docker#1
2023-12-18|QH|34|5|-1.3765165116093437e-11,-1.1689682595026562e-17,1.2542534200489919e-13,58.20004252888481|Docker#1
2023-12-18|QH|1|6|-9.726381834351884e-12,-1.38229846150257e-17,1.7195047496054794e-19,58.100042449862755|Docker#1
2023-12-18|QH|2|6|-9.833205507084263e-12,-1.392401102566272e-17,1.725776880736632e-19,58.100042449862755|Docker#1
2023-12-18|QH|3|6|-9.940808484581798e-12,-1.4025405273221776e-17,1.7320490118677845e-19,58.100042449862755|Docker#1
2023-12-18|QH|4|6|-1.0049193599135112e-11,-1.4127167357702866e-17,1.738321142998937e-19,58.100042449862755|Docker#1
2023-12-18|QH|5|6|-1.0158363683034833e-11,-1.4229297279105994e-17,1.7445932741300896e-19,58.100042449862755|Docker#1
2023-12-18|QH|6|6|-1.0268321568571584e-11,-1.4331795037431158e-17,1.7508654052612423e-19,58.100042449862755|Docker#1
2023-12-18|QH|7|6|-1.0379070088035988e-11,-1.4434660632678356e-17,1.7571375363923947e-19,58.100042449862755|Docker#1
2023-12-18|QH|8|6|-1.0490612073718666e-11,-1.453789406484759e-17,1.7634096675235474e-19,58.100042449862755|Docker#1
2023-12-18|QH|9|6|-1.0602950357910249e-11,-1.464149533393886e-17,1.7696817986547e-19,58.100042449862755|Docker#1
2023-12-18|QH|10|6|-1.0422760007488387e-11,-2.860976950642712e-17,1.0000940317203621e-21,58.10000000000001|Docker#1
2023-12-18|QH|11|6|-1.0923192307986563e-11,-2.9877902541348514e-17,3.709892375865899e-25,58.10000000017588|Docker#1
2023-12-18|QH|12|6|-1.103892356659499e-11,-3.0088569278736467e-17,3.7229484813590042e-25,58.10000000017588|Docker#1
2023-12-18|QH|13|6|-1.1155469400480557e-11,-3.029997610654208e-17,3.73600458685211e-25,58.10000000017588|Docker#1
2023-12-18|QH|14|6|-1.1176685386673495e-11,-1.5165019233225738e-17,1.801042454310463e-19,58.100042449862755|Docker#1
2023-12-18|QH|15|6|-1.1293860940021581e-11,-1.5270827523849217e-17,1.8073145854416156e-19,58.100042449862755|Docker#1
2023-12-18|QH|16|6|-1.1411852617912933e-11,-1.5377003651394735e-17,1.813586716572768e-19,58.100042449862755|Docker#1
2023-12-18|QH|17|6|-1.1530663252638173e-11,-1.548354761586228e-17,1.8198588477039205e-19,58.100042449862755|Docker#1
2023-12-18|QH|18|6|-1.1650295676487936e-11,-1.5590459417251875e-17,1.8261309788350734e-19,58.100042449862755|Docker#1
2023-12-18|QH|19|6|-1.1770752721752832e-11,-1.5697739055563492e-17,1.8324031099662256e-19,58.100042449862755|Docker#1
2023-12-18|QH|20|6|-1.1892037220723497e-11,-1.5805386530797156e-17,1.8386752410973785e-19,58.100042449862755|Docker#1
2023-12-18|QH|21|6|-1.2014152005690544e-11,-1.5913401842952846e-17,1.844947372228531e-19,58.100042449862755|Docker#1
2023-12-18|QH|22|6|-1.2137099908944605e-11,-1.602178499203058e-17,1.8512195033596836e-19,58.100042449862755|Docker#1
2023-12-18|QH|23|6|-1.2260883762776295e-11,-1.613053597803034e-17,1.857491634490836e-19,58.100042449862755|Docker#1
2023-12-18|QH|24|6|-1.2385506399476252e-11,-1.6239654800952142e-17,1.863763765621989e-19,58.100042449862755|Docker#1
2023-12-18|QH|25|6|-1.2510970651335084e-11,-1.634914146079598e-17,1.8700358967531413e-19,58.100042449862755|Docker#1
2023-12-18|QH|26|6|-1.2637279350643431e-11,-1.645899595756185e-17,1.876308027884294e-19,58.100042449862755|Docker#1
2023-12-18|QH|27|6|-1.2764435329691898e-11,-1.656921829124975e-17,1.8825801590154464e-19,58.100042449862755|Docker#1
2023-12-18|QH|28|6|-1.2892441420771121e-11,-1.6679808461859693e-17,1.8888522901465989e-19,58.100042449862755|Docker#1
2023-12-18|QH|29|6|-1.3021300456171729e-11,-1.6790766469391673e-17,1.8951244212777515e-19,58.100042449862755|Docker#1
2023-12-18|QH|30|6|-1.3151015268184329e-11,-1.6902092313845682e-17,1.901396552408904e-19,58.100042449862755|Docker#1
2023-12-18|QH|31|6|-1.3281588689099564e-11,-1.7013785995221736e-17,1.9076686835400569e-19,58.100042449862755|Docker#1
2023-12-18|QH|32|6|-1.341302355120804e-11,-1.7125847513519815e-17,1.913940814671209e-19,58.100042449862755|Docker#1
2023-12-18|QH|33|6|-1.3545322686800398e-11,-1.7238276868739935e-17,1.920212945802362e-19,58.100042449862755|Docker#1
2023-12-18|QH|34|6|-1.3678488928167245e-11,-1.7351074060882088e-17,1.9264850769335144e-19,58.100042449862755|Docker#1
2023-12-18|QH|1|7|-1.2808186529478986e-11,-1.6129470757810122e-17,8.839416299877138e-23,63.10005273374619|Docker#1
2023-12-18|QH|2|7|-1.29488572896262e-11,-1.6247354310567974e-17,8.871659292034267e-23,63.10005273374619|Docker#1
2023-12-18|QH|3|7|-1.3090554277302357e-11,-1.6365667077062427e-17,8.903902284191397e-23,63.10005273374619|Docker#1
2023-12-18|QH|4|7|-1.3233281222209542e-11,-1.648440905729348e-17,8.936145276348526e-23,63.10005273374619|Docker#1
2023-12-18|QH|5|7|-1.3377041854049849e-11,-1.660358025126114e-17,8.968388268505656e-23,63.10005273374619|Docker#1
2023-12-18|QH|6|7|-1.3521839902525358e-11,-1.6723180658965403e-17,9.000631260662785e-23,63.10005273374619|Docker#1
2023-12-18|QH|7|7|-1.3667679097338156e-11,-1.6843210280406264e-17,9.032874252819916e-23,63.10005273374619|Docker#1
2023-12-18|QH|8|7|-1.3814563168190331e-11,-1.6963669115583733e-17,9.065117244977046e-23,63.10005273374619|Docker#1
2023-12-18|QH|9|7|-1.3962495844783966e-11,-1.70845571644978e-17,9.097360237134175e-23,63.10005273374619|Docker#1
2023-12-18|QH|10|7|-1.3745987646473233e-11,-3.352043639209411e-17,1.758537813564185e-13,63.10000000002181|Docker#1
2023-12-18|QH|11|7|-1.4377613743025965e-11,-3.493730750044034e-17,9.131864472146947e-16,63.100000000583826|Docker#1
2023-12-18|QH|12|7|-1.4529944608156813e-11,-3.518364770367421e-17,9.164001950493407e-16,63.100000000583826|Docker#1
2023-12-18|QH|13|7|-1.468334765515255e-11,-3.543085332128796e-17,9.196139428839868e-16,63.100000000583826|Docker#1
2023-12-18|QH|14|7|-1.471801885344707e-11,-1.769543561511718e-17,9.258575197919825e-23,63.10005273374619|Docker#1
2023-12-18|QH|15|7|-1.4872321488233274e-11,-1.7818898946450863e-17,9.290818190076954e-23,63.10005273374619|Docker#1
2023-12-18|QH|16|7|-1.5027698836675542e-11,-1.794279149152115e-17,9.323061182234085e-23,63.10005273374619|Docker#1
2023-12-18|QH|17|7|-1.5184154628475955e-11,-1.8067113250328032e-17,9.355304174391213e-23,63.10005273374619|Docker#1
2023-12-18|QH|18|7|-1.534169259333661e-11,-1.8191864222871527e-17,9.387547166548345e-23,63.10005273374619|Docker#1
2023-12-18|QH|19|7|-1.550031646095958e-11,-1.8317044409151613e-17,9.419790158705473e-23,63.10005273374619|Docker#1
2023-12-18|QH|20|7|-1.5660029961046962e-11,-1.8442653809168315e-17,9.452033150862604e-23,63.10005273374619|Docker#1
2023-12-18|QH|21|7|-1.582083682330083e-11,-1.856869242292161e-17,9.484276143019732e-23,63.10005273374619|Docker#1
2023-12-18|QH|22|7|-1.5982740777423283e-11,-1.8695160250411513e-17,9.516519135176864e-23,63.10005273374619|Docker#1
2023-12-18|QH|23|7|-1.6145745553116392e-11,-1.882205729163801e-17,9.548762127333992e-23,63.10005273374619|Docker#1
2023-12-18|QH|24|7|-1.630985488008226e-11,-1.8949383546601117e-17,9.581005119491124e-23,63.10005273374619|Docker#1
2023-12-18|QH|25|7|-1.6475072488022954e-11,-1.9077139015300823e-17,9.613248111648253e-23,63.10005273374619|Docker#1
2023-12-18|QH|26|7|-1.6641402106640582e-11,-1.9205323697737135e-17,9.645491103805383e-23,63.10005273374619|Docker#1
2023-12-18|QH|27|7|-1.6808847465637206e-11,-1.9333937593910043e-17,9.677734095962513e-23,63.10005273374619|Docker#1
2023-12-18|QH|28|7|-1.6977412294714928e-11,-1.9462980703819554e-17,9.709977088119641e-23,63.10005273374619|Docker#1
2023-12-18|QH|29|7|-1.7147100323575833e-11,-1.9592453027465676e-17,9.742220080276772e-23,63.10005273374619|Docker#1
2023-12-18|QH|30|7|-1.7317915281921997e-11,-1.972235456484839e-17,9.7744630724339e-23,63.10005273374619|Docker#1
2023-12-18|QH|31|7|-1.748986089945552e-11,-1.985268531596772e-17,9.806706064591032e-23,63.10005273374619|Docker#1
2023-12-18|QH|32|7|-1.7662940905878477e-11,-1.9983445280823638e-17,9.83894905674816e-23,63.10005273374619|Docker#1
2023-12-18|QH|33|7|-1.7837159030892964e-11,-2.0114634459416168e-17,9.871192048905292e-23,63.10005273374619|Docker#1
2023-12-18|QH|34|7|-1.8012519004201048e-11,-2.0246252851745296e-17,9.90343504106242e-23,63.10005273374619|Docker#1
2023-12-18|QH|1|8|-1.2765979602978523e-11,-1.9545834972183482e-17,1.9254200164936043e-13,63.00309095413846|Docker#1
2023-12-18|QH|2|8|-1.2906186809567967e-11,-1.9688687301484116e-17,1.9324432520088098e-13,63.00309095413846|Docker#1
2023-12-18|QH|3|8|-1.3047416861950013e-11,-1.9832059755777654e-17,1.9394664875240154e-13,63.00309095413846|Docker#1
2023-12-18|QH|4|8|-1.3189673477536223e-11,-1.9975952335064088e-17,1.9464897230392207e-13,63.00309095413846|Docker#1
2023-12-18|QH|5|8|-1.3332960373738173e-11,-2.012036503934343e-17,1.9535129585544263e-13,63.00309095413846|Docker#1
2023-12-18|QH|6|8|-1.3477281267967422e-11,-2.0265297868615676e-17,1.9605361940696319e-13,63.00309095413846|Docker#1
2023-12-18|QH|7|8|-1.3622639877635543e-11,-2.0410750822880824e-17,1.9675594295848374e-13,63.00309095413846|Docker#1
2023-12-18|QH|8|8|-1.3769039920154097e-11,-2.0556723902138873e-17,1.9745826651000433e-13,63.00309095413846|Docker#1
2023-12-18|QH|9|8|-1.3916485112934655e-11,-2.070321710638982e-17,1.9816059006152488e-13,63.00309095413846|Docker#1
2023-12-18|QH|10|8|-1.3679523090143533e-11,-4.040317755937783e-17,2.065391390002309e-28,63.0000000000008|Docker#1
2023-12-18|QH|11|8|-1.4337990956984494e-11,-2.1120962516333354e-17,1.5217593100220136e-13,63.00406340214309|Docker#1
2023-12-18|QH|12|8|-1.4489902018566264e-11,-2.1269884759374058e-17,1.527114788853694e-13,63.00406340214309|Docker#1
2023-12-18|QH|13|8|-1.4642882307222693e-11,-2.141933017909855e-17,1.5324702676853745e-13,63.00406340214309|Docker#1
2023-12-18|QH|14|8|-1.4669518440172313e-11,-2.1443485002538118e-17,2.0167220781912767e-13,63.00309095413846|Docker#1
2023-12-18|QH|15|8|-1.4823312600167788e-11,-2.1593098956746484e-17,2.0237453137064823e-13,63.00309095413846|Docker#1
2023-12-18|QH|16|8|-1.4978177932306228e-11,-2.1743233035947754e-17,2.0307685492216878e-13,63.00309095413846|Docker#1
2023-12-18|QH|17|8|-1.5134118153999203e-11,-2.1893887240141914e-17,2.0377917847368931e-13,63.00309095413846|Docker#1
2023-12-18|QH|18|8|-1.529113698265829e-11,-2.2045061569328994e-17,2.044815020252099e-13,63.00309095413846|Docker#1
2023-12-18|QH|19|8|-1.544923813569504e-11,-2.2196756023508963e-17,2.0518382557673043e-13,63.00309095413846|Docker#1
2023-12-18|QH|20|8|-1.5608425330521033e-11,-2.234897060268185e-17,2.05886149128251e-13,63.00309095413846|Docker#1
2023-12-18|QH|21|8|-1.5768702284547822e-11,-2.2501705306847624e-17,2.0658847267977154e-13,63.00309095413846|Docker#1
2023-12-18|QH|22|8|-1.5930072715186988e-11,-2.2654960136006313e-17,2.0729079623129213e-13,63.00309095413846|Docker#1
2023-12-18|QH|23|8|-1.6092540339850084e-11,-2.280873509015789e-17,2.0799311978281266e-13,63.00309095413846|Docker#1
2023-12-18|QH|24|8|-1.6256108875948693e-11,-2.296303016930238e-17,2.0869544333433324e-13,63.00309095413846|Docker#1
2023-12-18|QH|25|8|-1.6420782040894367e-11,-2.3117845373439767e-17,2.0939776688585377e-13,63.00309095413846|Docker#1
2023-12-18|QH|26|8|-1.6586563552098686e-11,-2.3273180702570062e-17,2.1010009043737435e-13,63.00309095413846|Docker#1
2023-12-18|QH|27|8|-1.67534571269732e-11,-2.342903615669325e-17,2.1080241398889489e-13,63.00309095413846|Docker#1
2023-12-18|QH|28|8|-1.692146648292948e-11,-2.3585411735809344e-17,2.1150473754041542e-13,63.00309095413846|Docker#1
2023-12-18|QH|29|8|-1.7090595337379113e-11,-2.3742307439918346e-17,2.12207061091936e-13,63.00309095413846|Docker#1
2023-12-18|QH|30|8|-1.726084740773364e-11,-2.3899723269020247e-17,2.1290938464345653e-13,63.00309095413846|Docker#1
2023-12-18|QH|31|8|-1.7432226411404647e-11,-2.405765922311506e-17,2.1361170819497711e-13,63.00309095413846|Docker#1
2023-12-18|QH|32|8|-1.7604736065803684e-11,-2.4216115302202757e-17,2.1431403174649765e-13,63.00309095413846|Docker#1
2023-12-18|QH|33|8|-1.7778380088342334e-11,-2.437509150628337e-17,2.1501635529801823e-13,63.00309095413846|Docker#1
2023-12-18|QH|34|8|-1.7953162196432147e-11,-2.453458783535688e-17,2.1571867884953876e-13,63.00309095413846|Docker#1
2023-12-18|QH|1|9|-1.3374266167198042e-11,-4.026581402789604e-17,1.9324673125666184e-13,64.54925655431502|Docker#1
2023-12-18|QH|2|9|-1.3521154111390672e-11,-4.0560100014309876e-17,1.9395162540678644e-13,64.54925655431502|Docker#1
2023-12-18|QH|3|9|-1.3669113638987292e-11,-4.085545749530378e-17,1.9465651955691106e-13,64.54925655431502|Docker#1
2023-12-18|QH|4|9|-1.381814864453053e-11,-4.115188647087773e-17,1.9536141370703564e-13,64.54925655431502|Docker#1
2023-12-18|QH|5|9|-1.3968263022563017e-11,-4.1449386941031756e-17,1.9606630785716026e-13,64.54925655431502|Docker#1
2023-12-18|QH|6|9|-1.4119460667627378e-11,-4.174795890576584e-17,1.9677120200728486e-13,64.54925655431502|Docker#1
2023-12-18|QH|7|9|-1.4271745474266244e-11,-4.2047602365079986e-17,1.9747609615740949e-13,64.54925655431502|Docker#1
2023-12-18|QH|8|9|-1.4425121337022239e-11,-4.234831731897419e-17,1.9818099030753408e-13,64.54925655431502|Docker#1
2023-12-18|QH|9|9|-1.457959215043799e-11,-4.265010376744846e-17,1.988858844576587e-13,64.54925655431502|Docker#1
2023-12-18|QH|10|9|-1.3613058537473917e-11,-3.97339521580874e-17,4.225308458565643e-31,62.900000000000006|Docker#1
2023-12-18|QH|11|9|-1.5809126461404387e-11,-2.3013380927521906e-17,2.1933348748885685e-13,65.10763691126586|Docker#1
2023-12-18|QH|12|9|-1.597662420851815e-11,-2.3175646463717352e-17,2.2010538081100662e-13,65.10763691126586|Docker#1
2023-12-18|QH|13|9|-1.614530088970224e-11,-2.333848205273625e-17,2.208772741331564e-13,65.10763691126586|Docker#1
2023-12-18|QH|14|9|-1.5368506786405088e-11,-4.4175108428520726e-17,2.0241035520828176e-13,64.54925655431502|Docker#1
2023-12-18|QH|15|9|-1.5529629089174567e-11,-4.4483323844475366e-17,2.0311524935840638e-13,64.54925655431502|Docker#1
2023-12-18|QH|16|9|-1.56918736044022e-11,-4.4792610755010065e-17,2.0382014350853098e-13,64.54925655431502|Docker#1
2023-12-18|QH|17|9|-1.58552442266306e-11,-4.51029691601248e-17,2.0452503765865558e-13,64.54925655431502|Docker#1
2023-12-18|QH|18|9|-1.601974485040242e-11,-4.541439905981964e-17,2.052299318087802e-13,64.54925655431502|Docker#1
2023-12-18|QH|19|9|-1.6185379370260265e-11,-4.572690045409451e-17,2.059348259589048e-13,64.54925655431502|Docker#1
2023-12-18|QH|20|9|-1.635215168074678e-11,-4.604047334294947e-17,2.0663972010902943e-13,64.54925655431502|Docker#1
2023-12-18|QH|21|9|-1.6520065676404577e-11,-4.6355117726384456e-17,2.0734461425915403e-13,64.54925655431502|Docker#1
2023-12-18|QH|22|9|-1.6689125251776296e-11,-4.6670833604399536e-17,2.0804950840927865e-13,64.54925655431502|Docker#1
2023-12-18|QH|23|9|-1.685933430140455e-11,-4.698762097699465e-17,2.0875440255940325e-13,64.54925655431502|Docker#1
2023-12-18|QH|24|9|-1.703069671983199e-11,-4.7305479844169845e-17,2.0945929670952788e-13,64.54925655431502|Docker#1
2023-12-18|QH|25|9|-1.720321640160122e-11,-4.762441020592509e-17,2.1016419085965248e-13,64.54925655431502|Docker#1
2023-12-18|QH|26|9|-1.7376897241254885e-11,-4.794441206226041e-17,2.108690850097771e-13,64.54925655431502|Docker#1
2023-12-18|QH|27|9|-1.7551743133335593e-11,-4.8265485413175765e-17,2.115739791599017e-13,64.54925655431502|Docker#1
2023-12-18|QH|28|9|-1.772775797238599e-11,-4.8587630258671194e-17,2.1227887331002627e-13,64.54925655431502|Docker#1
2023-12-18|QH|29|9|-1.7904945652948703e-11,-4.8910846598746696e-17,2.1298376746015092e-13,64.54925655431502|Docker#1
2023-12-18|QH|30|9|-1.808331006956634e-11,-4.9235134433402246e-17,2.136886616102755e-13,64.54925655431502|Docker#1
2023-12-18|QH|31|9|-1.8262855116781556e-11,-4.956049376263788e-17,2.1439355576040015e-13,64.54925655431502|Docker#1
2023-12-18|QH|32|9|-1.8443584689136958e-11,-4.9886924586453544e-17,2.1509844991052472e-13,64.54925655431502|Docker#1
2023-12-18|QH|33|9|-1.8625502681175188e-11,-5.021442690484929e-17,2.1580334406064935e-13,64.54925655431502|Docker#1
2023-12-18|QH|34|9|-1.8808612987438854e-11,-5.054300071782509e-17,2.1650823821077395e-13,64.54925655431502|Docker#1
2023-12-18|QH|1|10|-1.3374266167198042e-11,-4.026581402789604e-17,1.9324673125666184e-13,64.54925655431502|Docker#1
2023-12-18|QH|2|10|-1.3521154111390672e-11,-4.0560100014309876e-17,1.9395162540678644e-13,64.54925655431502|Docker#1
2023-12-18|QH|3|10|-1.3669113638987292e-11,-4.085545749530378e-17,1.9465651955691106e-13,64.54925655431502|Docker#1
2023-12-18|QH|4|10|-1.381814864453053e-11,-4.115188647087773e-17,1.9536141370703564e-13,64.54925655431502|Docker#1
2023-12-18|QH|5|10|-1.3968263022563017e-11,-4.1449386941031756e-17,1.9606630785716026e-13,64.54925655431502|Docker#1
2023-12-18|QH|6|10|-1.4119460667627378e-11,-4.174795890576584e-17,1.9677120200728486e-13,64.54925655431502|Docker#1
2023-12-18|QH|7|10|-1.4271745474266244e-11,-4.2047602365079986e-17,1.9747609615740949e-13,64.54925655431502|Docker#1
2023-12-18|QH|8|10|-1.4425121337022239e-11,-4.234831731897419e-17,1.9818099030753408e-13,64.54925655431502|Docker#1
2023-12-18|QH|9|10|-1.457959215043799e-11,-4.265010376744846e-17,1.988858844576587e-13,64.54925655431502|Docker#1
2023-12-18|QH|10|10|-1.3613058537473917e-11,-3.97339521580874e-17,4.225308458565643e-31,62.900000000000006|Docker#1
2023-12-18|QH|11|10|-1.5809126461404387e-11,-2.3013380927521906e-17,2.1933348748885685e-13,65.10763691126586|Docker#1
2023-12-18|QH|12|10|-1.597662420851815e-11,-2.3175646463717352e-17,2.2010538081100662e-13,65.10763691126586|Docker#1
2023-12-18|QH|13|10|-1.614530088970224e-11,-2.333848205273625e-17,2.208772741331564e-13,65.10763691126586|Docker#1
2023-12-18|QH|14|10|-1.5368506786405088e-11,-4.4175108428520726e-17,2.0241035520828176e-13,64.54925655431502|Docker#1
2023-12-18|QH|15|10|-1.5529629089174567e-11,-4.4483323844475366e-17,2.0311524935840638e-13,64.54925655431502|Docker#1
2023-12-18|QH|16|10|-1.56918736044022e-11,-4.4792610755010065e-17,2.0382014350853098e-13,64.54925655431502|Docker#1
2023-12-18|QH|17|10|-1.58552442266306e-11,-4.51029691601248e-17,2.0452503765865558e-13,64.54925655431502|Docker#1
2023-12-18|QH|18|10|-1.601974485040242e-11,-4.541439905981964e-17,2.052299318087802e-13,64.54925655431502|Docker#1
2023-12-18|QH|19|10|-1.6185379370260265e-11,-4.572690045409451e-17,2.059348259589048e-13,64.54925655431502|Docker#1
2023-12-18|QH|20|10|-1.635215168074678e-11,-4.604047334294947e-17,2.0663972010902943e-13,64.54925655431502|Docker#1
2023-12-18|QH|21|10|-1.6520065676404577e-11,-4.6355117726384456e-17,2.0734461425915403e-13,64.54925655431502|Docker#1
2023-12-18|QH|22|10|-1.6689125251776296e-11,-4.6670833604399536e-17,2.0804950840927865e-13,64.54925655431502|Docker#1
2023-12-18|QH|23|10|-1.685933430140455e-11,-4.698762097699465e-17,2.0875440255940325e-13,64.54925655431502|Docker#1
2023-12-18|QH|24|10|-1.703069671983199e-11,-4.7305479844169845e-17,2.0945929670952788e-13,64.54925655431502|Docker#1
2023-12-18|QH|25|10|-1.720321640160122e-11,-4.762441020592509e-17,2.1016419085965248e-13,64.54925655431502|Docker#1
2023-12-18|QH|26|10|-1.7376897241254885e-11,-4.794441206226041e-17,2.108690850097771e-13,64.54925655431502|Docker#1
2023-12-18|QH|27|10|-1.7551743133335593e-11,-4.8265485413175765e-17,2.115739791599017e-13,64.54925655431502|Docker#1
2023-12-18|QH|28|10|-1.772775797238599e-11,-4.8587630258671194e-17,2.1227887331002627e-13,64.54925655431502|Docker#1
2023-12-18|QH|29|10|-1.7904945652948703e-11,-4.8910846598746696e-17,2.1298376746015092e-13,64.54925655431502|Docker#1
2023-12-18|QH|30|10|-1.808331006956634e-11,-4.9235134433402246e-17,2.136886616102755e-13,64.54925655431502|Docker#1
2023-12-18|QH|31|10|-1.8262855116781556e-11,-4.956049376263788e-17,2.1439355576040015e-13,64.54925655431502|Docker#1
2023-12-18|QH|32|10|-1.8443584689136958e-11,-4.9886924586453544e-17,2.1509844991052472e-13,64.54925655431502|Docker#1
2023-12-18|QH|33|10|-1.8625502681175188e-11,-5.021442690484929e-17,2.1580334406064935e-13,64.54925655431502|Docker#1
2023-12-18|QH|34|10|-1.8808612987438854e-11,-5.054300071782509e-17,2.1650823821077395e-13,64.54925655431502|Docker#1
2023-12-18|QH|1|11|-1.3374266167198042e-11,-4.026581402789604e-17,1.9324673125666184e-13,64.54925655431502|Docker#1
2023-12-18|QH|2|11|-1.3521154111390672e-11,-4.0560100014309876e-17,1.9395162540678644e-13,64.54925655431502|Docker#1
2023-12-18|QH|3|11|-1.3669113638987292e-11,-4.085545749530378e-17,1.9465651955691106e-13,64.54925655431502|Docker#1
2023-12-18|QH|4|11|-1.381814864453053e-11,-4.115188647087773e-17,1.9536141370703564e-13,64.54925655431502|Docker#1
2023-12-18|QH|5|11|-1.3968263022563017e-11,-4.1449386941031756e-17,1.9606630785716026e-13,64.54925655431502|Docker#1
2023-12-18|QH|6|11|-1.4119460667627378e-11,-4.174795890576584e-17,1.9677120200728486e-13,64.54925655431502|Docker#1
2023-12-18|QH|7|11|-1.4271745474266244e-11,-4.2047602365079986e-17,1.9747609615740949e-13,64.54925655431502|Docker#1
2023-12-18|QH|8|11|-1.4425121337022239e-11,-4.234831731897419e-17,1.9818099030753408e-13,64.54925655431502|Docker#1
2023-12-18|QH|9|11|-1.457959215043799e-11,-4.265010376744846e-17,1.988858844576587e-13,64.54925655431502|Docker#1
2023-12-18|QH|10|11|-1.3613058537473917e-11,-3.97339521580874e-17,4.225308458565643e-31,62.900000000000006|Docker#1
2023-12-18|QH|11|11|-1.5809126461404387e-11,-2.3013380927521906e-17,2.1933348748885685e-13,65.10763691126586|Docker#1
2023-12-18|QH|12|11|-1.597662420851815e-11,-2.3175646463717352e-17,2.2010538081100662e-13,65.10763691126586|Docker#1
2023-12-18|QH|13|11|-1.614530088970224e-11,-2.333848205273625e-17,2.208772741331564e-13,65.10763691126586|Docker#1
2023-12-18|QH|14|11|-1.5368506786405088e-11,-4.4175108428520726e-17,2.0241035520828176e-13,64.54925655431502|Docker#1
2023-12-18|QH|15|11|-1.5529629089174567e-11,-4.4483323844475366e-17,2.0311524935840638e-13,64.54925655431502|Docker#1
2023-12-18|QH|16|11|-1.56918736044022e-11,-4.4792610755010065e-17,2.0382014350853098e-13,64.54925655431502|Docker#1
2023-12-18|QH|17|11|-1.58552442266306e-11,-4.51029691601248e-17,2.0452503765865558e-13,64.54925655431502|Docker#1
2023-12-18|QH|18|11|-1.601974485040242e-11,-4.541439905981964e-17,2.052299318087802e-13,64.54925655431502|Docker#1
2023-12-18|QH|19|11|-1.6185379370260265e-11,-4.572690045409451e-17,2.059348259589048e-13,64.54925655431502|Docker#1
2023-12-18|QH|20|11|-1.635215168074678e-11,-4.604047334294947e-17,2.0663972010902943e-13,64.54925655431502|Docker#1
2023-12-18|QH|21|11|-1.6520065676404577e-11,-4.6355117726384456e-17,2.0734461425915403e-13,64.54925655431502|Docker#1
2023-12-18|QH|22|11|-1.6689125251776296e-11,-4.6670833604399536e-17,2.0804950840927865e-13,64.54925655431502|Docker#1
2023-12-18|QH|23|11|-1.685933430140455e-11,-4.698762097699465e-17,2.0875440255940325e-13,64.54925655431502|Docker#1
2023-12-18|QH|24|11|-1.703069671983199e-11,-4.7305479844169845e-17,2.0945929670952788e-13,64.54925655431502|Docker#1
2023-12-18|QH|25|11|-1.720321640160122e-11,-4.762441020592509e-17,2.1016419085965248e-13,64.54925655431502|Docker#1
2023-12-18|QH|26|11|-1.7376897241254885e-11,-4.794441206226041e-17,2.108690850097771e-13,64.54925655431502|Docker#1
2023-12-18|QH|27|11|-1.7551743133335593e-11,-4.8265485413175765e-17,2.115739791599017e-13,64.54925655431502|Docker#1
2023-12-18|QH|28|11|-1.772775797238599e-11,-4.8587630258671194e-17,2.1227887331002627e-13,64.54925655431502|Docker#1
2023-12-18|QH|29|11|-1.7904945652948703e-11,-4.8910846598746696e-17,2.1298376746015092e-13,64.54925655431502|Docker#1
2023-12-18|QH|30|11|-1.808331006956634e-11,-4.9235134433402246e-17,2.136886616102755e-13,64.54925655431502|Docker#1
2023-12-18|QH|31|11|-1.8262855116781556e-11,-4.956049376263788e-17,2.1439355576040015e-13,64.54925655431502|Docker#1
2023-12-18|QH|32|11|-1.8443584689136958e-11,-4.9886924586453544e-17,2.1509844991052472e-13,64.54925655431502|Docker#1
2023-12-18|QH|33|11|-1.8625502681175188e-11,-5.021442690484929e-17,2.1580334406064935e-13,64.54925655431502|Docker#1
2023-12-18|QH|34|11|-1.8808612987438854e-11,-5.054300071782509e-17,2.1650823821077395e-13,64.54925655431502|Docker#1
2023-12-18|QP|1|5|0.14985207186180174,250.55312132447216|Docker#1
2023-12-18|QP|2|5|0.15039867799662504,250.55312132447216|Docker#1
2023-12-18|QP|3|5|0.1509452841314483,250.55312132447216|Docker#1
2023-12-18|QP|4|5|0.15149189026627158,250.55312132447216|Docker#1
2023-12-18|QP|5|5|0.15203849640109485,250.55312132447216|Docker#1
2023-12-18|QP|6|5|0.15258510253591814,250.55312132447216|Docker#1
2023-12-18|QP|7|5|0.1531317086707414,250.55312132447216|Docker#1
2023-12-18|QP|8|5|0.1536783148055647,250.55312132447216|Docker#1
2023-12-18|QP|9|5|0.15422492094038798,250.55312132447216|Docker#1
2023-12-18|QP|10|5|0.1545556588320309,255.05978702973243|Docker#1
2023-12-18|QP|11|5|0.1554034144619526,249.02398945830328|Docker#1
2023-12-18|QP|12|5|0.15595032072435608,249.02398945830328|Docker#1
2023-12-18|QP|13|5|0.15649722698675958,249.02398945830328|Docker#1
2023-12-18|QP|14|5|0.15695795161450438,250.55312132447216|Docker#1
2023-12-18|QP|15|5|0.15750455774932764,250.55312132447216|Docker#1
2023-12-18|QP|16|5|0.15805116388415094,250.55312132447216|Docker#1
2023-12-18|QP|17|5|0.15859777001897418,250.55312132447216|Docker#1
2023-12-18|QP|18|5|0.15914437615379748,250.55312132447216|Docker#1
2023-12-18|QP|19|5|0.15969098228862075,250.55312132447216|Docker#1
2023-12-18|QP|20|5|0.16023758842344404,250.55312132447216|Docker#1
2023-12-18|QP|21|5|0.1607841945582673,250.55312132447216|Docker#1
2023-12-18|QP|22|5|0.1613308006930906,250.55312132447216|Docker#1
2023-12-18|QP|23|5|0.16187740682791388,250.55312132447216|Docker#1
2023-12-18|QP|24|5|0.16242401296273717,250.55312132447216|Docker#1
2023-12-18|QP|25|5|0.16297061909756044,250.55312132447216|Docker#1
2023-12-18|QP|26|5|0.16351722523238374,250.55312132447216|Docker#1
2023-12-18|QP|27|5|0.16406383136720698,250.55312132447216|Docker#1
2023-12-18|QP|28|5|0.16461043750203025,250.55312132447216|Docker#1
2023-12-18|QP|29|5|0.16515704363685355,250.55312132447216|Docker#1
2023-12-18|QP|30|5|0.16570364977167681,250.55312132447216|Docker#1
2023-12-18|QP|31|5|0.1662502559065001,250.55312132447216|Docker#1
2023-12-18|QP|32|5|0.16679686204132338,250.55312132447216|Docker#1
2023-12-18|QP|33|5|0.16734346817614668,250.55312132447216|Docker#1
2023-12-18|QP|34|5|0.16789007431096992,250.55312132447216|Docker#1
2023-12-18|QP|1|6|0.14985207186180174,250.55312132447216|Docker#1
2023-12-18|QP|2|6|0.15039867799662504,250.55312132447216|Docker#1
2023-12-18|QP|3|6|0.1509452841314483,250.55312132447216|Docker#1
2023-12-18|QP|4|6|0.15149189026627158,250.55312132447216|Docker#1
2023-12-18|QP|5|6|0.15203849640109485,250.55312132447216|Docker#1
2023-12-18|QP|6|6|0.15258510253591814,250.55312132447216|Docker#1
2023-12-18|QP|7|6|0.1531317086707414,250.55312132447216|Docker#1
2023-12-18|QP|8|6|0.1536783148055647,250.55312132447216|Docker#1
2023-12-18|QP|9|6|0.15422492094038798,250.55312132447216|Docker#1
2023-12-18|QP|10|6|0.1545556588320309,255.05978702973243|Docker#1
2023-12-18|QP|11|6|0.1554034144619526,249.02398945830328|Docker#1
2023-12-18|QP|12|6|0.15595032072435608,249.02398945830328|Docker#1
2023-12-18|QP|13|6|0.15649722698675958,249.02398945830328|Docker#1
2023-12-18|QP|14|6|0.15695795161450438,250.55312132447216|Docker#1
2023-12-18|QP|15|6|0.15750455774932764,250.55312132447216|Docker#1
2023-12-18|QP|16|6|0.15805116388415094,250.55312132447216|Docker#1
2023-12-18|QP|17|6|0.15859777001897418,250.55312132447216|Docker#1
2023-12-18|QP|18|6|0.15914437615379748,250.55312132447216|Docker#1
2023-12-18|QP|19|6|0.15969098228862075,250.55312132447216|Docker#1
2023-12-18|QP|20|6|0.16023758842344404,250.55312132447216|Docker#1
2023-12-18|QP|21|6|0.1607841945582673,250.55312132447216|Docker#1
2023-12-18|QP|22|6|0.1613308006930906,250.55312132447216|Docker#1
2023-12-18|QP|23|6|0.16187740682791388,250.55312132447216|Docker#1
2023-12-18|QP|24|6|0.16242401296273717,250.55312132447216|Docker#1
2023-12-18|QP|25|6|0.16297061909756044,250.55312132447216|Docker#1
2023-12-18|QP|26|6|0.16351722523238374,250.55312132447216|Docker#1
2023-12-18|QP|27|6|0.16406383136720698,250.55312132447216|Docker#1
2023-12-18|QP|28|6|0.16461043750203025,250.55312132447216|Docker#1
2023-12-18|QP|29|6|0.16515704363685355,250.55312132447216|Docker#1
2023-12-18|QP|30|6|0.16570364977167681,250.55312132447216|Docker#1
2023-12-18|QP|31|6|0.1662502559065001,250.55312132447216|Docker#1
2023-12-18|QP|32|6|0.16679686204132338,250.55312132447216|Docker#1
2023-12-18|QP|33|6|0.16734346817614668,250.55312132447216|Docker#1
2023-12-18|QP|34|6|0.16789007431096992,250.55312132447216|Docker#1
2023-12-18|QP|1|7|0.14985207186180174,250.55312132447216|Docker#1
2023-12-18|QP|2|7|0.15039867799662504,250.55312132447216|Docker#1
2023-12-18|QP|3|7|0.1509452841314483,250.55312132447216|Docker#1
2023-12-18|QP|4|7|0.15149189026627158,250.55312132447216|Docker#1
2023-12-18|QP|5|7|0.15203849640109485,250.55312132447216|Docker#1
2023-12-18|QP|6|7|0.15258510253591814,250.55312132447216|Docker#1
2023-12-18|QP|7|7|0.1531317086707414,250.55312132447216|Docker#1
2023-12-18|QP|8|7|0.1536783148055647,250.55312132447216|Docker#1
2023-12-18|QP|9|7|0.15422492094038798,250.55312132447216|Docker#1
2023-12-18|QP|10|7|0.1545556588320309,255.05978702973243|Docker#1
2023-12-18|QP|11|7|0.1554034144619526,249.02398945830328|Docker#1
2023-12-18|QP|12|7|0.15595032072435608,249.02398945830328|Docker#1
2023-12-18|QP|13|7|0.15649722698675958,249.02398945830328|Docker#1
2023-12-18|QP|14|7|0.15695795161450438,250.55312132447216|Docker#1
2023-12-18|QP|15|7|0.15750455774932764,250.55312132447216|Docker#1
2023-12-18|QP|16|7|0.15805116388415094,250.55312132447216|Docker#1
2023-12-18|QP|17|7|0.15859777001897418,250.55312132447216|Docker#1
2023-12-18|QP|18|7|0.15914437615379748,250.55312132447216|Docker#1
2023-12-18|QP|19|7|0.15969098228862075,250.55312132447216|Docker#1
2023-12-18|QP|20|7|0.16023758842344404,250.55312132447216|Docker#1
2023-12-18|QP|21|7|0.1607841945582673,250.55312132447216|Docker#1
2023-12-18|QP|22|7|0.1613308006930906,250.55312132447216|Docker#1
2023-12-18|QP|23|7|0.16187740682791388,250.55312132447216|Docker#1
2023-12-18|QP|24|7|0.16242401296273717,250.55312132447216|Docker#1
2023-12-18|QP|25|7|0.16297061909756044,250.55312132447216|Docker#1
2023-12-18|QP|26|7|0.16351722523238374,250.55312132447216|Docker#1
2023-12-18|QP|27|7|0.16406383136720698,250.55312132447216|Docker#1
2023-12-18|QP|28|7|0.16461043750203025,250.55312132447216|Docker#1
2023-12-18|QP|29|7|0.16515704363685355,250.55312132447216|Docker#1
2023-12-18|QP|30|7|0.16570364977167681,250.55312132447216|Docker#1
2023-12-18|QP|31|7|0.1662502559065001,250.55312132447216|Docker#1
2023-12-18|QP|32|7|0.16679686204132338,250.55312132447216|Docker#1
2023-12-18|QP|33|7|0.16734346817614668,250.55312132447216|Docker#1
2023-12-18|QP|34|7|0.16789007431096992,250.55312132447216|Docker#1
2023-12-18|QP|1|8|0.14985207186180174,250.55312132447216|Docker#1
2023-12-18|QP|2|8|0.15039867799662504,250.55312132447216|Docker#1
2023-12-18|QP|3|8|0.1509452841314483,250.55312132447216|Docker#1
2023-12-18|QP|4|8|0.15149189026627158,250.55312132447216|Docker#1
2023-12-18|QP|5|8|0.15203849640109485,250.55312132447216|Docker#1
2023-12-18|QP|6|8|0.15258510253591814,250.55312132447216|Docker#1
2023-12-18|QP|7|8|0.1531317086707414,250.55312132447216|Docker#1
2023-12-18|QP|8|8|0.1536783148055647,250.55312132447216|Docker#1
2023-12-18|QP|9|8|0.15422492094038798,250.55312132447216|Docker#1
2023-12-18|QP|10|8|0.1545556588320309,255.05978702973243|Docker#1
2023-12-18|QP|11|8|0.1554034144619526,249.02398945830328|Docker#1
2023-12-18|QP|12|8|0.15595032072435608,249.02398945830328|Docker#1
2023-12-18|QP|13|8|0.15649722698675958,249.02398945830328|Docker#1
2023-12-18|QP|14|8|0.15695795161450438,250.55312132447216|Docker#1
2023-12-18|QP|15|8|0.15750455774932764,250.55312132447216|Docker#1
2023-12-18|QP|16|8|0.15805116388415094,250.55312132447216|Docker#1
2023-12-18|QP|17|8|0.15859777001897418,250.55312132447216|Docker#1
2023-12-18|QP|18|8|0.15914437615379748,250.55312132447216|Docker#1
2023-12-18|QP|19|8|0.15969098228862075,250.55312132447216|Docker#1
2023-12-18|QP|20|8|0.16023758842344404,250.55312132447216|Docker#1
2023-12-18|QP|21|8|0.1607841945582673,250.55312132447216|Docker#1
2023-12-18|QP|22|8|0.1613308006930906,250.55312132447216|Docker#1
2023-12-18|QP|23|8|0.16187740682791388,250.55312132447216|Docker#1
2023-12-18|QP|24|8|0.16242401296273717,250.55312132447216|Docker#1
2023-12-18|QP|25|8|0.16297061909756044,250.55312132447216|Docker#1
2023-12-18|QP|26|8|0.16351722523238374,250.55312132447216|Docker#1
2023-12-18|QP|27|8|0.16406383136720698,250.55312132447216|Docker#1
2023-12-18|QP|28|8|0.16461043750203025,250.55312132447216|Docker#1
2023-12-18|QP|29|8|0.16515704363685355,250.55312132447216|Docker#1
2023-12-18|QP|30|8|0.16570364977167681,250.55312132447216|Docker#1
2023-12-18|QP|31|8|0.1662502559065001,250.55312132447216|Docker#1
2023-12-18|QP|32|8|0.16679686204132338,250.55312132447216|Docker#1
2023-12-18|QP|33|8|0.16734346817614668,250.55312132447216|Docker#1
2023-12-18|QP|34|8|0.16789007431096992,250.55312132447216|Docker#1
2023-12-18|QP|1|9|0.14985207186180174,250.55312132447216|Docker#1
2023-12-18|QP|2|9|0.15039867799662504,250.55312132447216|Docker#1
2023-12-18|QP|3|9|0.1509452841314483,250.55312132447216|Docker#1
2023-12-18|QP|4|9|0.15149189026627158,250.55312132447216|Docker#1
2023-12-18|QP|5|9|0.15203849640109485,250.55312132447216|Docker#1
2023-12-18|QP|6|9|0.15258510253591814,250.55312132447216|Docker#1
2023-12-18|QP|7|9|0.1531317086707414,250.55312132447216|Docker#1
2023-12-18|QP|8|9|0.1536783148055647,250.55312132447216|Docker#1
2023-12-18|QP|9|9|0.15422492094038798,250.55312132447216|Docker#1
2023-12-18|QP|10|9|0.1545556588320309,255.05978702973243|Docker#1
2023-12-18|QP|11|9|0.1554034144619526,249.02398945830328|Docker#1
2023-12-18|QP|12|9|0.15595032072435608,249.02398945830328|Docker#1
2023-12-18|QP|13|9|0.15649722698675958,249.02398945830328|Docker#1
2023-12-18|QP|14|9|0.15695795161450438,250.55312132447216|Docker#1
2023-12-18|QP|15|9|0.15750455774932764,250.55312132447216|Docker#1
2023-12-18|QP|16|9|0.15805116388415094,250.55312132447216|Docker#1
2023-12-18|QP|17|9|0.15859777001897418,250.55312132447216|Docker#1
2023-12-18|QP|18|9|0.15914437615379748,250.55312132447216|Docker#1
2023-12-18|QP|19|9|0.15969098228862075,250.55312132447216|Docker#1
2023-12-18|QP|20|9|0.16023758842344404,250.55312132447216|Docker#1
2023-12-18|QP|21|9|0.1607841945582673,250.55312132447216|Docker#1
2023-12-18|QP|22|9|0.1613308006930906,250.55312132447216|Docker#1
2023-12-18|QP|23|9|0.16187740682791388,250.55312132447216|Docker#1
2023-12-18|QP|24|9|0.16242401296273717,250.55312132447216|Docker#1
2023-12-18|QP|25|9|0.16297061909756044,250.55312132447216|Docker#1
2023-12-18|QP|26|9|0.16351722523238374,250.55312132447216|Docker#1
2023-12-18|QP|27|9|0.16406383136720698,250.55312132447216|Docker#1
2023-12-18|QP|28|9|0.16461043750203025,250.55312132447216|Docker#1
2023-12-18|QP|29|9|0.16515704363685355,250.55312132447216|Docker#1
2023-12-18|QP|30|9|0.16570364977167681,250.55312132447216|Docker#1
2023-12-18|QP|31|9|0.1662502559065001,250.55312132447216|Docker#1
2023-12-18|QP|32|9|0.16679686204132338,250.55312132447216|Docker#1
2023-12-18|QP|33|9|0.16734346817614668,250.55312132447216|Docker#1
2023-12-18|QP|34|9|0.16789007431096992,250.55312132447216|Docker#1
2023-12-18|QP|1|10|0.14985207186180174,250.55312132447216|Docker#1
2023-12-18|QP|2|10|0.15039867799662504,250.55312132447216|Docker#1
2023-12-18|QP|3|10|0.1509452841314483,250.55312132447216|Docker#1
2023-12-18|QP|4|10|0.15149189026627158,250.55312132447216|Docker#1
2023-12-18|QP|5|10|0.15203849640109485,250.55312132447216|Docker#1
2023-12-18|QP|6|10|0.15258510253591814,250.55312132447216|Docker#1
2023-12-18|QP|7|10|0.1531317086707414,250.55312132447216|Docker#1
2023-12-18|QP|8|10|0.1536783148055647,250.55312132447216|Docker#1
2023-12-18|QP|9|10|0.15422492094038798,250.55312132447216|Docker#1
2023-12-18|QP|10|10|0.1545556588320309,255.05978702973243|Docker#1
2023-12-18|QP|11|10|0.1554034144619526,249.02398945830328|Docker#1
2023-12-18|QP|12|10|0.15595032072435608,249.02398945830328|Docker#1
2023-12-18|QP|13|10|0.15649722698675958,249.02398945830328|Docker#1
2023-12-18|QP|14|10|0.15695795161450438,250.55312132447216|Docker#1
2023-12-18|QP|15|10|0.15750455774932764,250.55312132447216|Docker#1
2023-12-18|QP|16|10|0.15805116388415094,250.55312132447216|Docker#1
2023-12-18|QP|17|10|0.15859777001897418,250.55312132447216|Docker#1
2023-12-18|QP|18|10|0.15914437615379748,250.55312132447216|Docker#1
2023-12-18|QP|19|10|0.15969098228862075,250.55312132447216|Docker#1
2023-12-18|QP|20|10|0.16023758842344404,250.55312132447216|Docker#1
2023-12-18|QP|21|10|0.1607841945582673,250.55312132447216|Docker#1
2023-12-18|QP|22|10|0.1613308006930906,250.55312132447216|Docker#1
2023-12-18|QP|23|10|0.16187740682791388,250.55312132447216|Docker#1
2023-12-18|QP|24|10|0.16242401296273717,250.55312132447216|Docker#1
2023-12-18|QP|25|10|0.16297061909756044,250.55312132447216|Docker#1
2023-12-18|QP|26|10|0.16351722523238374,250.55312132447216|Docker#1
2023-12-18|QP|27|10|0.16406383136720698,250.55312132447216|Docker#1
2023-12-18|QP|28|10|0.16461043750203025,250.55312132447216|Docker#1
2023-12-18|QP|29|10|0.16515704363685355,250.55312132447216|Docker#1
2023-12-18|QP|30|10|0.16570364977167681,250.55312132447216|Docker#1
2023-12-18|QP|31|10|0.1662502559065001,250.55312132447216|Docker#1
2023-12-18|QP|32|10|0.16679686204132338,250.55312132447216|Docker#1
2023-12-18|QP|33|10|0.16734346817614668,250.55312132447216|Docker#1
2023-12-18|QP|34|10|0.16789007431096992,250.55312132447216|Docker#1
2023-12-18|QP|1|11|0.14985207186180174,250.55312132447216|Docker#1
2023-12-18|QP|2|11|0.15039867799662504,250.55312132447216|Docker#1
2023-12-18|QP|3|11|0.1509452841314483,250.55312132447216|Docker#1
2023-12-18|QP|4|11|0.15149189026627158,250.55312132447216|Docker#1
2023-12-18|QP|5|11|0.15203849640109485,250.55312132447216|Docker#1
2023-12-18|QP|6|11|0.15258510253591814,250.55312132447216|Docker#1
2023-12-18|QP|7|11|0.1531317086707414,250.55312132447216|Docker#1
2023-12-18|QP|8|11|0.1536783148055647,250.55312132447216|Docker#1
2023-12-18|QP|9|11|0.15422492094038798,250.55312132447216|Docker#1
2023-12-18|QP|10|11|0.1545556588320309,255.05978702973243|Docker#1
2023-12-18|QP|11|11|0.1554034144619526,249.02398945830328|Docker#1
2023-12-18|QP|12|11|0.15595032072435608,249.02398945830328|Docker#1
2023-12-18|QP|13|11|0.15649722698675958,249.02398945830328|Docker#1
2023-12-18|QP|14|11|0.15695795161450438,250.55312132447216|Docker#1
2023-12-18|QP|15|11|0.15750455774932764,250.55312132447216|Docker#1
2023-12-18|QP|16|11|0.15805116388415094,250.55312132447216|Docker#1
2023-12-18|QP|17|11|0.15859777001897418,250.55312132447216|Docker#1
2023-12-18|QP|18|11|0.15914437615379748,250.55312132447216|Docker#1
2023-12-18|QP|19|11|0.15969098228862075,250.55312132447216|Docker#1
2023-12-18|QP|20|11|0.16023758842344404,250.55312132447216|Docker#1
2023-12-18|QP|21|11|0.1607841945582673,250.55312132447216|Docker#1
2023-12-18|QP|22|11|0.1613308006930906,250.55312132447216|Docker#1
2023-12-18|QP|23|11|0.16187740682791388,250.55312132447216|Docker#1
2023-12-18|QP|24|11|0.16242401296273717,250.55312132447216|Docker#1
2023-12-18|QP|25|11|0.16297061909756044,250.55312132447216|Docker#1
2023-12-18|QP|26|11|0.16351722523238374,250.55312132447216|Docker#1
2023-12-18|QP|27|11|0.16406383136720698,250.55312132447216|Docker#1
2023-12-18|QP|28|11|0.16461043750203025,250.55312132447216|Docker#1
2023-12-18|QP|29|11|0.16515704363685355,250.55312132447216|Docker#1
2023-12-18|QP|30|11|0.16570364977167681,250.55312132447216|Docker#1
2023-12-18|QP|31|11|0.1662502559065001,250.55312132447216|Docker#1
2023-12-18|QP|32|11|0.16679686204132338,250.55312132447216|Docker#1
2023-12-18|QP|33|11|0.16734346817614668,250.55312132447216|Docker#1
2023-12-18|QP|34|11|0.16789007431096992,250.55312132447216|Docker#1
