,C,MIDDLE,W,R,F,U,M,M2
0,"1,2",7.712708846510609,1574.7950248645648,4659.962535341168,0.5809368257973204,0.5,0.39439162441748615,0.1943916244174861
1,"1,3",7.773631421990317,1545.4382560932602,4659.519577846699,0.5969149194860841,0.25,0.29920312332219334,0.19920312332219334
2,"1,4",7.1811906082589125,1284.9893195120333,4110.776869859606,0.5817744835339417,0.25,0.30876403906248984,0.20876403906248986
3,"2,3",7.782010625500432,1555.1512605211167,4709.000381731542,0.600176514443951,0.0,0.19954121606465372,0.19954121606465372
4,"2,4",7.2220754497174084,1294.5830776403504,4109.5255069628365,0.5808195192601425,0.0,0.2079767319250277,0.2079767319250277
5,"3,4",7.230544377355599,1265.3722449966808,4160.364032976197,0.6023365450419789,0.0,0.21461343267827568,0.21461343267827568
6,"1,2,3",8.261101326058055,2334.6963583049424,5161.000357854134,0.46697660878240843,0.75,0.4481263936207739,0.14812639362077387
7,"1,2,4",7.880995791298623,2074.317481068094,4811.136609091004,0.4659703678087466,0.5,0.3532231097402297,0.15322310974022968
8,"1,3,4",7.8974765097052995,2045.1267976207303,4809.590043056049,0.47352419901676235,0.25,0.2556144954924612,0.1556144954924612
9,"2,3,4",7.903714152273891,2054.8374953878556,4808.520594540671,0.4715788943809131,0.0,0.15494530100282655,0.15494530100282655
10,"1,2,3,4",8.261101326058055,2834.2428578471527,5161.000357854134,0.38467013683012924,1.0,0.5220185316151603,0.12201853161516034
